PERMANENT_NAME,DISPLAY_NAME,MAIN_PIC_ID,CITY,STATE,COUNTRY_CODE,MEMBER_SINCE,PERSONAL_URL,OCCUPATION,LOAN_BECAUSE,OTHER_INFO,LOAN_PURCHASE_NUM,INVITED_BY,NUM_INVITED
kendall5136,Kendall,,,,,1587167381,,,,,1,,0
jeanne4359,Jeanne,,,,,1587138013,,,,,1,,0
emily86657633,Emily,,,,,1587135445,,,,,1,,0
leigh2511,Leigh,,,,,1587138614,,,,,1,,0
mlynn2977,MLynn,,,,,1587167344,,,,,5,,0
benjamin5496,Benjamin,,,,,1587139080,,,,,1,,0
leslie8884,leslie,,,,,1587135191,,,,,1,,0
simon6137,Simon,,,,,1587185186,,,,,1,,0
tobias4961,Tobias,,,,,1587102726,,,,,1,,0
ahmad6626,Ahmad,,,,,1587105134,,,,,1,,0
hilary1971,Hilary,,,,,1587175807,,,,,1,,0
marlow4562,Marlow,,,,,1587139848,,,,,1,BeChido,0
neo4286,Neo,,,,,1587138065,,,,,1,,0
nora3784,nora,,,,,1587136815,,,,,1,,0
crystal5270,crystal,,,,,1587136080,,,,,1,,0
katherine53503356,Katherine,,,,,1587178757,,,,,1,,0
giselle2523,Giselle,,,,,1587139026,,,,,1,,0
kristin66691965,Kristin,,,,,1587137949,,,,,1,,0
sheri7646,Sheri,,,,,1587134901,,,,,1,,0
karen17367818,Karen,,,,,1587135569,,,,,3,,0
simon2105,simon,,,,,1587135921,,,,,1,,0
tayma2731,Tayma,,,,,1587138808,,,,,1,,0
niko2902,Niko,,,,,1587299199,,,,,21,,0
austin83665870,Austin,,,,,1587243081,,,,,1,,0
sam8801,Sam,,,,,1587296223,,,,,1,,0
sonya6183,sonya,,,,,1587135731,,,,,1,,0
fahtehaw3716,FAHTEHAW,,,,,1587131841,,,,,1,,0
annette7678,Annette,,,,,1587136054,,,,,1,,0
andrea3330,Andrea,3493903,,,,1587296567,,,,,1,,0
ghadir2990,ghadir,,,,,1587298778,,,,,1,,0
laila4628,Laila,,,,,1587263034,,,,,3,,0
stefan90,Stefan,3493904,,,DE,1587298466,,,,,2,,0
mark71835777,Mark,,,,,1587297428,,,,,1,,0
sindhi4592,Sindhi,,,,,1587135068,,,,,1,,0
jonathan56931036,Jonathan,,,,,1587217663,,,,,1,,0
small4123,Small,,,,,1587287919,,,,,1,,0
samantha1505,Samantha,,,,,1587317259,,,,,1,,0
martha4480,Martha,,,,,1587316688,,,,,2,,0
william8619,William,,,,,1587298703,,,,,1,,0
thomas19517427,Thomas,,,,,1587138346,,,,,1,,0
josh2006,josh,,,,,1587226223,,,,,1,,0
lilly9301,Lilly,,,,,1587217677,,,,,2,,0
jay7593,Jay voigt,3493760,denver,CO,US,1587268507,,Healthcare,"Its the right thing to do, social justice, gratitude, GOD wants me to, puts my problems in perspective and its fun.",,4,,0
pureexcellent9677,Pureexcellent,,,,,1587373569,,,,,1,,0
jeff4573,Jeff,,,,,1587399170,,,,,2,,0
anthony81052257,Anthony,,,,,1587495980,,,,,1,,0
james59483881,james,,,,,1587493738,,,,,1,,0
simon38941426,Simon,,,,,1587556874,,,,,1,,0
michele7430,Michele,,,,,1587572653,,,,,1,Sally,0
tina8386,Tina,,,,,1587399509,,,,,1,,0
paul55693460,Paul,,,,,1587506036,,,,,1,,0
jannita5371,Jannita,,,,,1587520945,,,,,4,,0
cindy51848594,Cindy,,,,,1587461139,,,,,2,,0
panyia1367,PaNyia,,,,,1587495834,,,,,1,,0
annette6545,Annette,,,,,1587557062,,,,,1,,0
lindsey9645,Lindsey,,,,,1587422519,,,,,1,,0
meg7257,Meg,,,,,1587494541,,,,,1,,0
kerkko5840,Kerkko,,,,,1587552572,,,,,3,,0
dione1349,Dione,,,,,1587643148,,,,,1,Allegra,0
cheryl6060,cheryl,,,,,1587435969,,,,,1,,0
prashanth3786,Prashanth,,,,,1587556371,,,,,2,,0
russell1162,Russell,,,,,1587652213,,,,,1,,0
robert44919446,Robert,,,,,1587352564,,,,,1,,0
christina88636296,Christina,,,,,1587352492,,,,,2,,0
lonny4863,Lonny,,,,,1587494330,,,,,1,,0
lori8649,Lori,,,,,1587512827,,,,,1,,0
connie8842,connie,,,,,1587572784,,,,,1,,0
ronald3084,Ronald,,,,,1587264495,,,,,1,,0
elisabeth6360,Elisabeth,,,,,1587495648,,,,,1,,0
josh5505,josh,,,,,1587505933,,,,,2,,0
sam4988,Sam,,,,,1587343967,,,,,1,,0
portiay,Portia,3493733,,,CA,1587265264,www.portiayip.com,,"I believe we’re all capable of doing better and making meaningful, lasting changes.",Writer / Artist / Coach / Entrepreneur,1,,0
leyla2034,Leyla,,,,,1587603191,,,,,1,,0
katrina4426,Katrina,,,,,1587652872,,,,,2,Christa,0
mercy4079,Mercy,,,,,1587783630,,,,,1,,0
ashley94505099,Ashley,,,,,1588087071,,,,,1,,0
krystin4083,Krystin,,,,,1588107621,,,,,1,,0
ed9481,Ed,3519156,,,,1588106519,,,,,1,,0
sandra3774,Sandra,,,,,1588206513,,,,,1,,0
peter78056707,Peter,,,,,1588208221,,,,,1,,0
lindsey9169,Lindsey,,,,,1588224172,,,,,1,Alan,0
daniel90709260,Daniel,,,,,1588421672,,,,,1,,0
mireia8061,Mireia,,,,,1588829391,,,,,1,,0
kristy7717,Kristy,,,,,1588878075,,,,,1,,0
pamela69757882,Pamela,,,,,1588863338,,,,,1,,0
ritwick4417,Ritwick,,,,,1588894691,,,,,2,,0
christopher70273707,Christopher,,,,,1588895229,,,,,1,,0
amy69105454,amy,,,,,1587773137,,,,,1,,0
jessica74286780,Jessica,,,,,1587778104,,,,,1,,0
darlene1011,Darlene,,,,,1588105792,,,,,1,,0
nancybeth8844,Nancy Beth,,,,,1588121766,,,,,1,,0
beth22908540,Beth,,,,,1588182221,,,,,1,,0
rose9065,Rose,,,,,1588206826,,,,,1,,0
claudia7378,Claudia,,,,,1588224189,,,,,1,,0
samantha8324,Samantha,,,,,1588482472,,,,,1,,1
debra5335,debra,,,,,1588801743,,,,,1,,0
izael3458,Izael,,,,,1588829532,,,,,1,,0
gerson6924,Gerson,,,,,1588864489,,,,,1,,0
leroybilly9203,Leroy Billy,,,,,1588883127,,,,,1,,0
maryjo6904,mary jo,,,,,1588894588,,,,,1,,0
rita9542,Rita Sampaio,3565856,,,,1588894891,,,,,2,,0
matt53975006,Matt,,,,,1587388290,,,,,1,,0
evan3611,Evan,,,,,1587730990,,,,,1,,0
daiquan6450,Dai'Quan,,,,,1587772941,,,,,1,,0
layne3934,Layne,,,,,1587781435,,,,,1,,0
tyler5687,Tyler,,,,,1588012145,,,,,1,,0
jamie47126096,Jamie,,,,,1588087131,,,,,1,,0
eva6809,Eva,,,,,1588087710,,,,,3,,0
shawn1441,Shawn,,,,,1588086631,,,,,1,,0
jholx4522,J,,,,,1588106908,,,,,1,,0
jeff3449,Jeff,,,,,1588107751,,,,,1,,0
thomas96624643,Thomas,,,,,1588182236,,,,,1,,0
elizabeth99308365,Elizabeth,,,,,1588693970,,,,,1,,0
nathan2862,Nathan,,,,,1588692530,,,,,1,,0
michael20733999,Michael,,,,,1588695090,,,,,1,,0
claire59825139,Claire,,,,,1588823065,,,,,1,,0
melanie5405,Melanie,,,,,1588861819,,,,,1,,0
manuel8397,Manuel,,,,,1587773396,,,,,1,,0
matthew41923504,Matthew,,,,,1587784163,,,,,1,,0
kayla4979,Kayla,,,,,1587804779,,,,,1,,0
julie9954,Julie,,,,,1587780999,,,,,1,,0
carolaampdegourt1570,Carola &amp; de Gourét,,,,,1588087771,,,,,1,,0
greg3491,Greg,,,,,1588088421,,,,,1,,0
sam9619,Sam,,,,,1588085199,,,,,1,,0
aobbzg1661,A,,,,,1588122779,,,,,1,,0
kahle3763,Kahle,,,,,1588196697,,,,,1,,0
ray5594,Ray,,,,,1588418450,,,,,1,,0
gabrielhm,Gabriel,3548048,,,BR,1588686657,,,,,1,,0
abigail6418,Abigail,,,,,1588696561,,,,,1,Bushra,0
mel8430,Mel,,,,,1588802816,,,,,1,,0
michael47157175,Michael,,,,,1588801572,,,,,1,,0
matt3706,Matt,3563028,,,,1588862244,,,,,1,,0
mandesah7435,mandesah,,,,,1588894897,,,,,1,,0
brian59018165,Brian,,,,,1588894616,,,,,1,,0
john60356017,John,,,,,1588904067,,,,,1,,0
georgianna7303,Georgianna,,,,,1587748875,,,,,1,,0
rebekah8052,Rebekah,,,,,1587749677,,,,,2,,0
nadia5077,Nadia,,,,,1587749239,,,,,1,,0
ashley5185,Ashley,,,,,1587749356,,,,,1,,0
mike43247651,Mike,,,,,1587781581,,,,,12,,0
patrick44203402,Patrick,,,,,1587781571,,,,,1,,0
christie4465,Christie,,,,,1588087304,,,,,1,,0
teona9853,Teona,,,,,1588107313,,,,,1,,0
peter7897,Peter,,,,,1588121570,,,,,1,,0
george9723,George,,,,,1588123419,,,,,1,,0
timo4965,Timo,,,,,1588179852,,,,,1,,0
laura30396762,Laura,,,,,1588695098,,,,,1,,0
tajae2718,Tajae,,,,,1588826932,,,,,1,,0
lorraine7534,LORRAINE,,,,,1588865722,,,,,1,,0
ppwzwh5291,p.,3565880,,,,1588894710,,,,,1,,0
nicholas11486404,Nicholas,,,,,1587740231,,,,,1,,0
jake7873,jake,,,,,1587749874,,,,,1,,0
amanda5595,Amanda,,,,,1587749125,,,,,1,,0
tara44993762,Tara,,,,,1587772955,,,,,1,,0
chris3786,Chris,,,,,1587781216,,,,,1,,0
jordana6539,Jordana,,,,,1587781624,,,,,1,,0
jake33974461,Jake,,,,,1588087661,,,,,1,,0
megan18312347,megan,,,,,1588088440,,,,,1,,0
jennifer94392012,Jennifer,,,,,1588107433,,,,,1,,0
martin77135978,Martin,,,,,1588105771,,,,,4,Debbie,0
omy4671,Romulo Romero,3520135,Parañaque City,METRO MANILA,PH,1588223098,www.otiphilippines.com,Consulting,I want to put our resources to support social enterprises.,Passionate about helping others meet the needs of others.,3,,0
caleb7578,Caleb,,,,,1588696730,,,,,1,,0
chelsea5459,Chelsea,,,,,1588697043,,,,,1,,0
norma9522,Norma,,,,,1588826588,,,,,1,,0
joshua7958,JOSHUA,,,,,1588863678,,,,,4,,0
emily1368,Emily,,,,,1587749772,,,,,1,,0
marjolein3389,Marjolein,,,,,1587389567,,,,,4,,0
ayla9296,Ayla,,,,,1587403262,,,,,11,,0
murphy4306,Murphy,,,,,1587731248,,,,,1,,0
willlow8830,Willlow,,,,,1587731861,,,,,1,,0
michael25367474,Michael,,,,,1587793985,,,,,1,,0
brenda95681131,Brenda,,,,,1588087960,,,,,1,,0
hannah5609,Hannah,,,,,1588105646,,,,,2,,0
alice5788,Alice,,,,,1588105632,,,,,1,,0
patrick79629685,Patrick,,,,,1588800507,,,,,1,,0
mike73385747,Mike,,,,,1588801306,,,,,1,,0
rayanne4847,Rayanne,,,,,1588831222,,,,,1,,0
amy22678999,Amy,,,,,1587386712,,,,,2,,0
abdalla3281,Abdalla,,,,,1587403973,,,,,2,,0
ryan25234368,Ryan,,,,,1587778132,,,,,1,,0
janell1834,Janell,,,,,1588009975,,,,,1,,0
badumm4164,Badumm,,,,,1588862097,,,,,2,,0
sarah86504322,Sarah,,,,,1588895266,,,,,1,,0
madison8056,Madison,,,,,1588907165,,,,,1,,0
morgan51576227,Morgan,,,,,1588908809,,,,,1,,0
erika9694,Erika,,,,,1589114895,,,,,1,Tomas,0
flavio8960,Flavio,,,,,1589133651,,,,,1,,0
karenr9817,Karen R,,,,,1589140056,,,,,1,,0
seongseog8244,Seong Seog,,,,,1589147143,,,,,1,,0
justin3290,Justin,,,,,1589163849,,,,,1,,0
adrian4222,Adrian,,,,,1588169492,,,,,1,,0
patrick2208,Patrick,,,,,1589108030,,,,,5,,0
julien8750,Julien,,,,,1588906997,,,,,1,,0
undefined7919,undefined,,,,,1589138781,,,,,2,,0
laura79705782,Laura,,,,,1588904729,,,,,1,,0
stacey37349099,Stacey,,,,,1588904020,,,,,1,,0
marycela6205,Marycela,,,,,1588907365,,,,,1,,0
mampa1098,M &amp; A,,,,,1588951011,,,,,1,,0
jd7272,JD,,,,,1589034107,,,,,1,,0
emilye1983,Emilye,,,,,1589033738,,,,,1,,0
gabriel5340,Gabriel,,,,,1589059353,,,,,2,,0
bria6918,Bria,,,,,1589071281,,,,,1,,0
sarah888,Sarah,,,,,1589070972,,,,,1,,0
camille5126,Camille,,,,,1589115235,,,,,1,,0
michael30334052,Michael,,,,,1589125709,,,,,1,,0
taner6262,Taner,,,,,1589138564,,,,,1,,0
rod8885,Rod,,,,,1589059650,,,,,1,,0
dahmir7798,Dahmir,,,,,1589082557,,,,,1,,0
laura63804061,Laura,,,,,1589140346,,,,,3,,0
gabriel8634,Gabriel,,,,,1589137708,,,,,1,,0
saxuyk2539,s,,,,,1589119542,,,,,1,,0
russell5583,Russell,,,,,1589119664,,,,,3,,0
lisa8152,Lisa,,,,,1588912636,,,,,1,,0
miwa6308,Miwa,,,,,1588909789,,,,,1,,0
chris38505548,Chris,,,,,1588910055,,,,,1,,0
advancedtrainings,Advanced-Trainings,3519636,,,,1588166728,http://Advanced-Trainings.com,Education and Training,,,25,Til,0
daria6656,Daria,,,,,1588167552,,,,,1,,0
john74391366,John,3586516,Alma,AR,US,1589115352,,Systems Controller,,,3,,0
juan1994,Juan,,,,,1589125368,,,,,1,,0
starr4242,Starr,,,,,1589134049,,,,,3,,0
gowtham6560,Gowtham,,,,,1589133710,,,,,2,,0
akshay6100,Akshay,,,,,1589140354,,,,,3,,0
colson9271,Colson,,,,,1588951076,,,,,1,,0
emily63056389,Emily,,,,,1589125604,,,,,1,,0
james70834277,James,,,,,1589164600,,,,,1,,0
alex2423,Alex,,,,,1589138110,,,,,1,,0
greg3620,Greg,,,,,1589119168,,,,,1,,0
liuba7997,Liuba,,,,,1587139656,,,,,1,,0
theresa8654,THERESA,,,,,1587150676,,,,,2,,0
lexi2220,Lexi,,,,,1587131049,,,,,1,,0
christopher61314100,Chris Thompson,3490282,Powell,OH,US,1587131584,,Mech. Engineer,the adversity I encountered growing-up in the US as both an adoptee & half-Latino. My adoptive father became disable when I was adolescent forcing me to become more independent.,"Mechanical Engineer, father, previously owned a consulting business, traveled to Latin America & India.",17,,0
desiree4199,Desiree,3491189,,,CA,1587146902,,,,,1,,0
holly1851,Holly,,,,,1587145414,,,,,1,,0
peter8973,Peter,,,,,1587147143,,,,,2,,0
kathy2570,Kathy,,,,,1587139107,,,,,1,,0
rafi7995,Rafi,,,,,1587145857,,,,,1,,0
stan9884,Stan,,,,,1587240776,,,,,1,,0
nacole6653,Nacole,,,,,1587241124,,,,,1,,0
kerstin9920,Kerstin,,,,,1587150282,,,,,4,,0
ricki9281,Ricki,,,,,1587138310,,,,,1,,0
laurie4917,Laurie,,,,,1587146381,,,,,1,,0
david57611530,David,,,,,1587144706,,,,,1,,0
amani6412,Amani,,,,,1587146452,,,,,1,,0
kristin9149,Kristin,,,,,1587144298,,,,,2,,0
kupferblech11250,Kupferblech1,,,,,1587207606,,,,,1,,0
david33547065,David,,,,,1587134503,,,,,1,,0
nienke9362,Nienke,,,,,1587150029,,,,,1,,0
lian6434,lian,,,,,1587139879,,,,,1,,0
mica1127,Mica,,,,,1587139913,,,,,1,,0
havana3486,Havana,,,,,1587138448,,,,,4,,0
virginia2858,Virginia,,,,,1587149840,,,,,1,,0
michelle1425,michelle,,,,,1587145217,,,,,1,Eliza,0
matthew45566929,Matthew,,,,,1587139932,,,,,1,,0
sharon5321,Sharon,,,,,1587144941,,,,,1,Eliza,0
chooyon4359,Chooyon,,,,,1587324960,,,,,1,,0
richard4354,Richard,,,,,1587428711,,,,,1,,0
chrstina8211,Chrstina,,,,,1587428055,,,,,1,,0
wolfram6089,Wolfram,,,,,1587463384,,,,,1,,0
sonia87345073,Sonia,,,,,1587241313,,,,,1,,0
molly4398,Molly,,,,,1587361136,,,,,1,,0
jodi8618,Jodi,,,,,1587405442,,,,,1,,0
kaja6967,Kaja,,,,,1587246270,,,,,2,,0
theo9460,Theo,,,,,1587303737,,,,,1,,0
david21903519,David,,,,,1587267634,,,,,1,,0
mary4479,Mary,,,,,1587296651,,,,,1,,0
nikole5195,nikole,,,,,1587479971,,,,,1,,0
hilary9172,Hilary,,,,,1587415080,,,,,1,,0
anna84268959,Anna,,,,,1587595945,,,,,2,,0
nicolas8693,Nicolas,,,,,1587638628,,,,,1,,0
stephanie7165,Stephanie,,,,,1587673534,,,,,1,,0
michael86874040,Michael,,,,,1587770801,,,,,1,,0
saurabh8754,Saurabh,,,,,1587820478,,,,,1,,0
mara3041,Mara,,,,,1587849702,,,,,1,,0
jennifer66549731,Jennifer,,,,,1587618735,,,,,2,,0
david49828999,David,,,,,1587674500,,,,,1,,0
maryjo3481,Mary Jo,,,,,1587673284,,,,,1,,0
matthew69794409,Matthew,,,,,1587763898,,,,,1,,0
mark84456290,Mark,,,,,1587763200,,,,,1,,0
kayleigh9965,Kayleigh,,,,,1587763022,,,,,1,,0
danita7674,Danita,,,,,1587763495,,,,,1,,0
kate3376,Kate,,,,,1587769479,,,,,1,,0
james2598,James,,,,,1587773738,,,,,1,,0
anissa5590,Anissa,,,,,1587774025,,,,,1,,0
johnny7735,johnny,,,,,1587774441,,,,,1,,0
lynda3351,Lynda,,,,,1587780138,,,,,1,,0
misty4373,Misty,,,,,1587780085,,,,,1,,0
margaret6334,margaret,,,,,1587820911,,,,,1,,0
gunnar3000,Gunnar,,,,,1587824797,,,,,1,,0
john12901234,John,,,,,1587824287,,,,,1,,0
cheryl2686,Cheryl,,,,,1587823876,,,,,1,,0
sarah52369379,Sarah,,,,,1587874626,,,,,1,,0
sam3526,Sam,,,,,1587603575,,,,,1,,0
ccrnbu1505,C,,,,,1587524056,,,,,1,,0
cherise3717,Cherise,,,,,1587774401,,,,,1,,0
joyce5563,Joyce,,,,,1587480045,,,,,1,,0
abdimajid1728,abdimajid,,,,,1587747000,,,,,1,,0
emer4146,Emer,,,,,1587748237,,,,,1,,0
mercedez9693,Mercedez,,,,,1587774503,,,,,2,,0
erika2883,Erika,,,,,1587780373,,,,,1,,0
jen1153,Jen,,,,,1587823354,,,,,1,,0
david19623593,David,,,,,1587601382,,,,,1,,0
kian1463,Kian,,,,,1587651189,,,,,1,,0
jjd,John,3502175,,,,1587678311,,,,,1,,0
mark55018298,Mark,,,,,1587673158,,,,,3,,0
estefanie1545,Estefanie,,,,,1587747927,,,,,1,,0
reggie9501,Reggie,,,,,1587769174,,,,,1,,0
karen5254,Karen,,,,,1587824078,,,,,1,,0
connor38792073,Connor,,,,,1587823978,,,,,3,,0
michelle76113202,Michelle,,,,,1587506214,,,,,1,,0
james4967,James,,,,,1587595979,,,,,1,,0
maza3803,Maza,,,,,1587678468,,,,,1,,0
angelica1143,Angelica,,,,,1587678892,,,,,1,,0
theo9465,Theo,,,,,1587770587,,,,,1,,0
brandon6531,Brandon,,,,,1587772845,,,,,1,,0
leeds1331,Leeds,,,,,1587849447,,,,,2,,0
craig7492,Craig,,,,,1587525616,,,,,1,,0
sibygeor1272815,sibygeor127,,,,,1587600975,,,,,1,,0
katherine9821,Katherine,,,,,1587651589,,,,,2,Jean,0
susan21753608,Susan,,,,,1587658927,,,,,1,,0
jasmine8431,Jasmine,,,,,1587673135,,,,,1,,0
kimberly8194,Kimberly,,,,,1587747438,,,,,1,Christa,0
erica45605594,Erica,,,,,1587820384,,,,,1,,0
samps4989,S&amp;S,,,,,1587506022,,,,,1,,0
heather57314218,Heather,,,,,1587658887,,,,,1,,0
rachael1487,Rachael,,,,,1587674481,,,,,1,,0
jared33893939,Jared,,,,,1587921262,,,,,1,,0
brooklyn4596,Brooklyn,,,,,1588134698,,,,,1,,0
vickie37649534,Vickie,,,,,1588189260,,,,,1,,0
mike71354262,Mike,,,,,1588265720,,,,,1,,0
natasha3397,Natasha,,,,,1588277897,,,,,1,,0
dan43134114,Dan,,,,,1588540097,,,,,1,,0
claudia8992,Claudia,,,,,1588549668,,,,,1,,0
junyan8739,Junyan,,,,,1588644481,,,,,2,,0
yvonne8953,Yvonne,,,,,1588790785,,,,,1,,0
gina7807,Gina,,,,,1588917848,,,,,1,,0
mark32524033,Mark,,,,,1588926345,,,,,1,,0
bob5055,Bob,,,,,1588949548,,,,,1,,0
kaushikkumar6397,Kaushik Kumar,,,,,1589045756,,,,,1,,0
april1041,April,3580345,Nashville,TN,US,1589051687,,,,,2,,0
tyler3957,Tyler,,,,,1589069743,,,,,1,,0
michael37896622,Michael,,,,,1589069121,,,,,1,,0
3wwr4155,3,,,,,1589088679,,,,,1,,0
michelle38357156,Michelle,,,,,1588889277,,,,,1,,0
robin9436,Robin,,,,,1587909917,,,,,5,,0
tessa3307,Tessa,,,,,1587920894,,,,,1,,0
kate6753,Kate,,,,,1588123826,,,,,1,,0
goganbelilmawen3v9121,goganbelilmawen3v,,,,,1588189316,,,,,1,,0
sawinder3349,Sawinder,,,,,1588269493,,,,,1,,0
paul37901587,Paul,,,,,1588277731,,,,,1,,0
rebecca5019,Rebecca,,,,,1588275186,,,,,1,,0
rachel20251415,Rachel,,,,,1588539761,,,,,1,,0
donald4844,Donald,,,,,1588619827,,,,,1,,0
mary27207062,Mary,,,,,1588644395,,,,,1,,0
ed5511,Ed,3543904,Sydney,NSW,AU,1588653328,,,,,1,,0
hope4393,Hope,,,,,1588728423,,,,,1,,0
lisa7053,Lisa,,,,,1588729018,,,,,1,Cliff,0
jessica26772424,Jessica,,,,,1588795934,,,,,1,,0
karen49945215,Karen,,,,,1588948927,,,,,1,,0
michele4626,Michele,,,,,1589092768,,,,,1,,0
chloe1121,Chloe,,,,,1589124817,,,,,1,,0
denise3895,Denise,,,,,1588863585,,,,,1,,0
ranjit4891,Ranjit,,,,,1588733013,,,,,1,,0
danita9405,DANITA,,,,,1588721882,,,,,1,,0
crystal9408,Crystal,,,,,1588719317,,,,,1,,0
jennifer94577356,Jennifer,,,,,1588697105,,,,,1,Laura,0
amanda52336184,Amanda,,,,,1587759789,,,,,1,,0
jordan5601,Jordan,,,,,1587759919,,,,,1,,0
nicole64338595,Nicole,,,,,1588123726,,,,,1,,1
julie83442161,Julie,,,,,1588188420,,,,,1,,0
egerprurt24v28983,egerprurt24v2,,,,,1588189137,,,,,1,,0
felix7564,Felix,,,,,1588237288,,,,,1,,0
tina78504409,Tina,,,,,1588565484,,,,,1,,0
courtney9897,Courtney,,,,,1588549294,,,,,1,,0
francis78867324,francis,,,,,1588653194,,,,,1,,0
scott73661925,Scott,3557055,Austin,Tx,US,1588788951,,Self,"To those that much is given, much is required",,1,,0
geniastevens,Genia Stevens,3556780,,,,1588790586,,,,,1,,0
ashraf3636,Ashraf,,,,,1588949714,,,,,1,,0
edesther6246,Edesther,,,,,1588971838,,,,,1,,0
jonatan6364,Jonatan,,,,,1589040838,,,,,1,,0
jake9802,Jake,3579324,,,,1589040842,,,,,1,,0
sydney1185,Sydney,,,,,1589051510,,,,,1,,0
dayana3656,Dayana,,,,,1589069370,,,,,2,,0
roland5233,Roland,,,,,1588981115,,,,,1,,0
karen1561,Karen,,,,,1588865500,,,,,1,,0
betsy9809,Betsy,,,,,1588819991,,,,,1,,0
paola2104,Paola,,,,,1588712166,,,,,1,Miguel,0
colleen3364,Colleen,,,,,1588091450,,,,,1,,0
caroline8900,Caroline,,,,,1588134762,,,,,1,,0
natalie9071,Natalie,,,,,1588277647,,,,,2,,0
kelley5222,kelley,,Oakland,CA,,1588253185,,,,,2,,0
elan1544,Elan,,,,,1588283833,,,,,1,,0
gerald2414,Gerald,,,,,1588458670,,,,,1,,0
katriona8461,Katriona,,,,,1588643883,,,,,1,,0
kimberly32805536,kimberly,,,,,1588652854,,,,,1,Christian,0
phil6829,Phil,,,,,1588767871,,,,,1,,0
mike94389903,Mike,,,,,1588788785,,,,,1,,0
samantha62668206,Samantha,,,,,1588791298,,,,,1,,0
ruth19811689,Ruth,,,,,1588959983,,,,,2,,0
margarita6326,Margarita,,,,,1589041119,,,,,1,,0
jolana3623,Jolana,,,,,1589049951,,,,,1,,0
joanne7722,Joanne,,,,,1588982247,,,,,1,,0
elizabeth61786711,Elizabeth,,,,,1588982125,,,,,1,,0
kirtisha7116,Kirtisha,,,,,1588865596,,,,,1,,0
nadine26142184,Nadine,,,,,1588820131,,,,,3,,0
amee5945,Amee,,,,,1588724686,,,,,1,,0
paddy7597,Paddy,,,,,1588688179,,,,,1,,0
leo8821,Leo,,,,,1587759903,,,,,1,,0
jerusha1798,JERUSHA,,,,,1587910885,,,,,1,,0
cassandra4995,cassandra,,,,,1588260256,,,,,2,,0
matthew4908,Matthew,,,,,1588258708,,,,,1,,0
emma55518515,Emma,,,,,1588265497,,,,,1,,0
kevin1871,Kevin,,,,,1588274876,,,,,1,,0
olivia5331,Olivia,,,,,1588275730,,,,,1,,0
alexia8293,alexia,,,,,1588296935,,,,,1,,0
lisa48428106,Lisa,,,,,1588458734,,,,,1,Jay,0
richard82303720,Richard,,,,,1588458475,,,,,1,,0
daniel83236849,Daniel,,,,,1588620875,,,,,1,,0
mindy6367,Mindy,,,,,1588643788,,,,,1,,0
kevin51634366,Kevin,,,,,1588789359,,,,,1,,0
tyler7805,Tyler,,,,,1588789209,,,,,1,,0
elizabeth57894683,Elizabeth,,,,,1589068944,,,,,1,,0
donna75328712,Donna,,,,,1589134391,,,,,1,,0
stacey9258,Stacey,,,,,1589001906,,,,,1,,0
christina24647565,christina,,,,,1588981618,,,,,1,,0
katrina8318,Katrina,,,,,1588950872,,,,,1,,0
philipp9926,Philipp,,,,,1588765630,,,,,4,,0
shannon9903,Shannon,,,,,1588378413,,,,,1,,0
rob20641699,Rob,,,,,1587958676,,,,,1,,1
diana38846330,Diana,,,,,1588091529,,,,,1,,0
ahmedq,Ahmed Al-Quwaitai,3518598,Al suwaiq,,OM,1588066817,,,,,1,,0
carmen2028,Carmen,,,,,1588134810,,,,,1,,0
daniela3870,Daniela,,,,,1588189305,,,,,1,,0
ruth8339,Ruth,,,,,1588252225,,,,,1,,0
julie58159244,Julie,,,,,1588267810,,,,,1,,0
phillip1277,Phillip,,,,,1588276103,,,,,1,,0
charles91482273,Charles,,,,,1588275558,,,,,1,,0
linda50565348,Linda,,,,,1588458974,,,,,1,,0
betty8672,BETTY,,,,,1588540197,,,,,2,,0
tonya6601,Tonya,,,,,1588539761,,,,,2,,0
jonathan29799138,Jonathan,,,,,1588549569,,,,,2,,0
james40995878,James,,,,,1588664191,,,,,1,,0
joel5653,Joel,,,,,1588787841,,,,,1,,0
brian46824718,Brian,,,,,1588791344,,,,,1,,0
sara24429559,Sara,,,,,1588790027,,,,,1,,0
kyle7871,Kyle,,,,,1588795961,,,,,1,,0
joellyn7856,Joellyn,,,,,1588949246,,,,,1,,0
timothy6250,Timothy,,,,,1588971603,,,,,2,,0
becky30119658,Becky,,,,,1588970995,,,,,1,,0
swaminath5165,Swaminath,,,,,1589045784,,,,,1,,0
jenny20086938,Jenny,,,,,1588820442,,,,,1,,0
matthew49458417,Matthew,,,,,1587760003,,,,,1,,0
karen92182334,Karen,,,,,1587759403,,,,,1,,0
gene2421,Gene,,,,,1588189382,,,,,1,,0
terra7349,Terra,,,,,1588239283,,,,,1,,0
mary70429129,Mary,,,,,1588268269,,,,,1,,0
larisa6077,Larisa,,,,,1587442430,,,,,1,Ethan,0
bonnie3312,Bonnie,,,,,1588252479,,,,,1,,0
rawan1150,Rawan,,,,,1588296747,,,,,1,Orwa,0
amanda18717368,Amanda,,,,,1588788527,,,,,1,,0
victoria70967518,victoria,,,,,1588791998,,,,,1,,0
sonia93984865,Sonia,,,,,1588796573,,,,,1,,0
daniel7474,Daniel,,,,,1588949493,,,,,1,,0
kristin3503,Kristin,,,,,1589008624,,,,,1,,0
chris46615955,Chris,,,,,1589032994,,,,,1,,0
ryan8451,Ryan,,,,,1589046512,,,,,4,,0
sandra6918,Sandra,,,,,1589058652,,,,,1,Bruce,0
gitanjali7299,Gitanjali,,,,,1589124443,,,,,2,,0
mark45656331,Mark,,,,,1588779023,,,,,1,,0
michelle1352,Michelle,,,,,1588711946,,,,,4,,0
xenia4328,Xenia,,,,,1588377253,,,,,1,,0
kyle6651,kyle,,,,,1587759451,,,,,1,,0
shariece6989,shariece,,,,,1587759899,,,,,1,,0
david51509567,David,,,,,1588124015,,,,,1,,0
karla2708,karla,,,,,1588134660,,,,,1,,0
selina6663,Selina,,,,,1588251722,,,,,1,,1
nic7269,Nic,,,,,1588277914,,,,,2,Anna,0
lorena6008,Lorena,,,,,1588655112,,,,,1,,0
diane86906729,Diane,,,,,1588788321,,,,,1,,0
michelle36727803,Michelle,,,,,1588793797,,,,,1,,0
kirk43456093,Kirk,3556782,Mineral Point,WI,US,1588791406,,Self-employed,,,1,,0
allen5366,Allen,,,,,1588971113,,,,,1,,0
jamie1259,Jamie,,,,,1589033157,,,,,1,,0
annie74628260,Annie,,,,,1589050417,,,,,2,,0
margaret4363,Margaret,,,,,1589046655,,,,,1,,0
carol68353822,Carol,,,,,1589070341,,,,,2,,0
gusta6050,Gusta,,,,,1589085276,,,,,1,,0
fanman1679,Fanman,,,,,1588704733,,,,,1,,0
callie7406,Callie,,,,,1588604036,,,,,1,,0
allea9151,Allea,,,,,1588362426,,,,,1,,0
terry4712,Terry,,,,,1588252654,,,,,1,,0
jenna3464,Jenna,,,,,1587769985,,,,,1,,0
catherine6914,Catherine,,,,,1510676573,,,,,2,,0
burgundy2954,Burgundy,2690487,,,US,1510679662,,,,,2,,0
nicole7506,Nicole,2690709,,,US,1510717144,,,,,1,,0
flora8434,Flora,,,,,1510748850,,,,,2,,0
jeff46477968,Jeff,,,,,1510771212,,,,,1,,0
ivory3321,Ivory,,,,,1510778752,,,,,7,,0
rachel28483506,Rachel,,,,,1510791897,,,,,2,,0
veena9156,Veena,,,,,1461902618,,,,,12,Peter Tan,0
ravisankar3021,Ravisankar,,,,,1461906889,,,,,1,,0
ivankristoffer7890,Ivan Kristoffer,,,,,1461911415,,,,,2,,0
ranganathan2327,Ranganathan,,,,,1461911796,,,,,6,,0
navin8631,Navin,2167979,,,US,1461915059,,,,,3,,0
khaled1654,Khaled,2167988,,,SA,1461915242,,,If you want happiness ( Give & Help ) then you will find what you are looking for.,I'm Khaled from the Great Kingdom of Saudi Arabia.\nI studied in Australia for 5 years and now I'm running my own business with full government support.\nI hope for everyone a better life.,19,,0
prashanth11617310,Prashanth,,,,,1461915928,,,,,4,,0
ranjani4030,Ranjani,2169519,,,,1461916453,,,,,4,,0
muthukumaran9041,Muthukumaran,2168043,,,,1461917378,,,,,1,,0
ursula9710,Ursula,,,,,1510845645,,,,,3,,0
stuart7244,Stuart,,,,,1510856084,,,,,1,,0
fabrizio6202,Fabrizio,,,,,1461927368,,,,,1,,0
leke4733,Leke,,,,,1461930241,,,,,2,,0
yuliya2884,Yuliya,,,,,1461932134,,,,,2,,0
sam15382170,Sam,2168318,,,,1461933973,,,,,11,,1
paulo7689,Paulo,,,,,1461935346,,,,,2,,0
eduardo9960,eduardo,,,,,1461936679,,,,,1,,0
ernestina9821,Ernestina,2168396,,,,1461938597,,,,,3,,0
carlo9465,carlo,2168425,,,,1461940406,,,,,1,,0
karthik7519,karthik,,,,,1461942594,,,,,4,,0
divya3275,Divya,2168477,,,US,1461943253,,,,,1,,0
helsing3822,Helsing,,,,,1461943522,,,,,1,,0
huong9882,Huong,,,,,1461943969,,,,,5,,0
marcos71562437,Marcos,2168600,,,,1461951526,,,,,1,,0
rodrigo4471,Rodrigo,,,,,1461952958,,,,,1,,0
gopalakrishnan8710,Gopalakrishnan,,,,,1461954509,,,,,4,,0
alex29967276,Alex,,,,,1461958222,,,,,4,,1
vieri9314,Vieri,,,,,1461958859,,,,,3,,0
yanfei2360,Yanfei,2168759,,,,1461962422,,,,,1,,0
michael9955,michael,,,,,1461969851,,,,,1,,0
paola9572,Paola,,,,,1461975854,,,,,4,,0
sen6892,Seán,,,,,1462009138,,,,,2,,0
craig6023,Craig,,,,,1462016424,,,,,7,,0
shavalee3028,Shavalee,,,,,1462062452,,,,,1,,0
megan2258,Megan,2169357,,,US,1462128322,,,,,1,,0
david98626428,David,,,,,1462137349,,,,,1,,0
davidschnall,David Schnall,570462,St. Louis,MO,US,1254459388,www.facebook.com/group.php?gid=47171892158&ref=ts,High School English Teacher - Teach For America,,"The Human Rights Group at University of California, Santa Barbara raised the funds for these loans.",105,,0
joshua6819,Joshua,,CUTTINGSVILLE,VT,US,1254462652,,,,,3,Andrew,0
rinella,Robert,398902,Greenville,IL,US,1254496960,,,"Micro-lending actually works.  The world is full of suffering but this is one way that a small and lasting improvement can be made.  Person to person, one soul at a time.",I teach at Greenville College.  I am also an entrepreneur who owns two businesses.  One of my businesses involves computer software.  My other business involves improving the environment.\r\n\r\nI have been married for 17 years.  My wife is a teacher.  We are blessed to have 3 wonderful boys.,31,,7
keith5826,Keith,843104,Portland,OR,US,1254503885,,Farmer,Everyone deserves creative opportunities,I work at a plant nursery.  I make new plants from seed and cuttings and sell my plants to nurseries which will be planted in gardens.,29,,3
joan2434,Joan,,North Eastham,MA,US,1254512675,,,,,1,,0
gujjar7133,Gujjar,,,,,1462163279,,,,,3,,0
jonathan11944497,Jonathan,,,,,1462164820,,,,,1,,1
ishan6703,Ishan,2169537,,,,1462171211,,,,,1,,0
Mar-78,Marc,2169580,,,,1462173751,,,,,1,,0
elbie6115,Elbie,2169590,,,,1462175011,,,,,1,,0
kumar1182,kumar,,,,,1462175476,,,,,1,,0
stan1052,Stan,,,,,1462177520,,,,,2,,0
ton7645,Ton,2187743,Teylingen,,NL,1462185731,,,,,5,,0
mallireddy3692,Mallireddy,,,,,1462188698,,,,,1,pavankishor,0
elizabeth91522082,Elizabeth,,,,,1462193976,,,,,1,,0
alejandro4666,Alejandro,,,,,1462194317,,,,,3,,0
amber8273,Amber,2169785,,,US,1462195924,,,,,1,,0
corey1684,Corey,,,,,1462196784,,,,,1,,0
wencimiguel6949,Wenci Miguel,,,,,1462198504,,,,,2,,0
debra3924,Debra,,Bellevue,WA,US,1254526207,,Vice President Sales and Marketing,,,1,,0
antonandangela3193,Anton and Angela,399182,Tipp City,Ohio,US,1254528298,,scientist and teacher,,,301,,2
susan2322,Susan,399208,Selbyville,DE,US,1254531061,,Professor,,,194,Alexandra,1
risto7006,Risto,399314,Helsinki,,FI,1254552768,,,It makes a difference.,,61,,0
kathie2805,Kathie,,Liberty,MO,US,1254576556,,Homemaker,,,18,,0
keely4858,Keely,172422,Boston,MA,US,1181331280,,analyst,,,26,,0
kari2239,Kari,399474,Helsinki,Helsinki,FI,1254585484,,,,,1,,0
david6248,David,178059,Washington,DC,US,1181342112,,Ph.D. student and Special Education Teacher,We are all accountable to each other.,"I teach children with disabilities, and I research ways to increase independence for persons with severe/profound disabilities.",85,,0
megan7574,Megan & Russell,42051,Boston,MA,US,1181344493,,graduate student & programmer,,,234,,0
wendy8080,Wendy,,Oxford,OH,US,1254593920,,designer,,,17,,0
lael4170,Lael,42005,Seattle,WA,US,1181347744,,retired,,,99,,1
catherine6977,catherine,399552,titusville,NJ,US,1254596608,,Pharmaceutical Researcher,,,22,,0
bhoutik5516,Bhoutik,,Fremont,CA,US,1254605362,,,,,1,,0
barb9469,Barb,399623,Maple Ridge,BC,CA,1254606542,,,,,119,,0
carol4828,Carol,43185,Wilmington,DE,US,1181402192,,,,,14,,0
leona1906,Leona,,Seekonk,MA,US,1181406869,,,,,1,,0
greg5956,Greg,,Alexandria,VA,US,1254616327,,Engineer,,,8,,0
7thgrade9287,7th Grade,,Burlington,MA,US,1254626212,,,,,3,,0
aaron9360,Aaron,,Boston,MA,US,1254633143,,Student,,,25,,1
rick1802,Ricardo,780349,Thousand Oaks,CA,US,1181431323,,Massage Therapist,,,2,,0
kishan3942,Kishan,,Crystal Lake,IL,US,1181448014,,Store Manager,,,20,,0
family5775,Team Devereaux,777013,Gympie,Queensland,AU,1181481317,bigfamilylittleincome.blogspot.com/,Family of 9,"it feels right. We have so much, others have so little. Helping them help themselves is the least we can do to make their lives a little better.",We work in retail and finance. And I blog :) http://www.bigfamilylittleincome.com/,256,,252
katherine6686,Kitty,57781,Manchester,MI,US,1181494033,,Scientist,,,129,,0
michael3454,Michael,601690,San Francisco,CA,US,1181504591,,lawyer,,I try to keep the big guys from picking on the little guys.,73,,3
courtney5298,courtney,47458,Long Beach,CA,US,1181528822,www.wokai.org,Finance,I believe in empowering people to help themselves.,,2,,0
kevin4919,Kevin,,Chicago,IL,US,1181530992,,,,,13,,0
ramon2176,Ramon,,,,,1462206916,,,,,3,,0
manuel2934,Manuel,2169933,,,,1462210146,,,,,6,,0
leonardo9242,Leonardo,2169973,,,,1462213294,,,,,1,,0
luz8062,Luz,,,,,1462218281,,,,,1,,0
melissa4314,Melissa,2170055,,,US,1462231682,,,,,1,,0
emile1795,Emile,,,,,1254665749,,,,,1,,0
maria2488,Maria,399949,STOCKTON,CA,US,1254679884,,,,,8,,0
bernice2049,Bernice,,,,,1254680606,,,,,1,,0
kristenAH,Kristen,954082,Austin,TX,US,1254686517,,,,,46,,0
bryan8589,Bryan,,,,,1254689560,,,,,5,Steven,0
kathy7909,Kathy,,Dayton,OH,US,1254693337,,Consultant,,,2,Meredith,0
eve5732,E&T,42958,Ocala,FL,US,1181534155,,Agricultural,It is exciting to be able to help people help themselves.,,3,,0
ana4958,Ana,400135,Pacific Grove,CA,US,1254708173,,"health counselor, yoga teacher ",,,5,Citizen K,1
lynette3736,Lynette,,Atlanta,GA,US,1181567102,,Registered Nurse,,,66,,0
ling5919,Ling,,Sunnyvale,CA,US,1181578600,,Healing Facilitator,,,8,,0
shaelyn9314,Shaelyn,,Los Angeles,CA,US,1181602551,,grad student,,,13,,0
jayeskenazi,jay,2261304,Seattle,WA,US,1181607999,,,together we can make a difference,trying to help make the world a better place.,606,,1
elizabeth1640,Elizabeth,,Arlington,VA,US,1181613252,,student,,,47,,0
nikki5515,Nikki,,Santa Rosa,CA,US,1181622477,,,,,1,,0
walid3274,Walid,42656,,,,1181641701,,International Entrepreneur,,,98,,0
jeffmac,Jeff,241005,Vancouver,British Columbia,CA,1181715996,,Filmmaker/Artist,I live in a part of the world with great surplus of resources.,Jeff is an entertainer and filmmaker.,8,,5
pushyami5250,Pushyami,2170217,,,US,1462245511,,,,,1,,0
isha2996,Isha,,,,,1462247864,,,,,1,,0
balram6148,Balram,,,,,1462248065,,,,,2,,0
justine5151,Justine,,,,,1462257788,,,,,1,,0
cynthia8964,"Holy Family Fraternity, Vernon, NY",2220356,,,,1462263983,,,We want to help people become sustainable and promote dignity by being able to provide for their family.,A Secular Franciscan fraternity,50,Cindy,0
denisaelena4218,Denisa Elena,,,,,1462266801,,,,,1,,0
diarmuid8378,Diarmuid,519848,Ottawa,Ontario,CA,1254748910,,Student,,,16,,0
bsmclassof20147632,BSM Class of 2014,400407,St. Louis Park,Minnesota,US,1254753325,,Students,,,159,,0
stevecycle,Steve,430694,St. Louis,MO,US,1254770111,,Software Engineer,,,5,,0
lily8493,Lily,,Waskatenau,Alberta,CA,1254771362,,visual artist,,,121,,0
les4789,Les,,Foster City,CA,US,1181759064,,IT Consultant,,,3,,2
leighellen5923,Leigh-Ellen,,Saskatoon,Saskatchewan,CA,1254790784,,,,,46,,2
jenna9056,Jenna,43028,New York,NY,US,1181768893,,Advertising Account Management,,,1,,0
marissa7022,Marissa,,,,,1254801063,,Writer,,,10,,0
patricia2477,Patricia,,Griffith,IN,US,1181781163,,,,,41,,0
brenda4028,BBG,1014201,San Diego,CA,US,1254804025,www.bgoodell.com,Energy Healing,"I\'ve been incredibly lucky and loved. I believe in sharing and helping. Sometimes kindness and ""yes"" make all the difference.\r\n",,15,,0
michael4917,Michael,,Austin,TX,US,1181790587,,Retired,,I am an artist who lives in central Texas,316,,2
elizabeth2329,Liz,52481,Seddon,VIC,AU,1181816828,,Physiotherapist,I can,,109,,0
laurence9885,Laurence,43263,wallingford,CT,US,1181847220,,entrepreneur,,,22,,3
scott3359,Scott,,Atlanta,GA,US,1181855956,,Sales,,,25,,0
joan7750,Joan,,Lake Orion,MI,US,1181866234,,Engineer,,,123,,1
tim35569130,The Henson Family,43314,Warsaw,IN,US,1181869410,,Family,We want to help someone obtain the opportunity to provide for their family.,,4,,1
william2799,William,,Waverly,IA,US,1181882225,,retired,,,250,,0
asami7716,Asami,,edogawa,Tokyo,JP,1181922478,,,,,9,,0
sarahandsteve1023,Sarah & Steve,,Newton,MA,US,1181927408,,,,,1,,0
yosuke8559,Yosuke,,Boston,MA,US,1181933245,,Student,,,1,,0
joe7986,Joe Gonzales,,San Francisco,CA,US,1181933587,,Mental Health Professional,I participate with Kiva in gratitude for all that I have and as an act for social justice.,,96,,2
pierluigi5525,Pier Luigi,,,,,1462275963,,,,,1,,0
salomi2754,Salomi,,,,,1462276706,,,,,2,,0
dario2922,Dario,,,,,1462280134,,,,,2,,0
reeshna3139,Reeshna,2170746,,,GB,1462281449,,,,,1,,0
marta7663,Marta,,,,,1462281778,,,,,1,,0
26-Jan,Jan,,,,,1462283209,,,,,1,Donna,0
ganesh4045,Ganesh,,,,,1462283661,,,,,3,,0
anwar4863,Anwar,,,,,1462283768,,,,,1,,0
guillermo3724,Guillermo,,,,,1462284019,,,,,1,,0
michael33094034,Michael,,,,,1462285883,,,,,1,,0
rakesh7292,Rakesh,,,,,1462286940,,,,,1,Shyam,0
valdecir8936,Valdecir,,,,,1462288602,,,,,2,,0
saravanan2738,Saravanan,,,,,1462289124,,,,,2,,0
geneva2686,GENEVA,858481,,,,1254862013,,TEACHER/OFFICE,,,13,Sheila,0
teresa3637,Teresa,,Ribeira Grande,"S. miguel, a",PT,1254869875,,,,,3,Inês,0
abe6718,Abe,,,,,1587818379,,,,,4,,0
tee5340,Tee,,,,,1587315180,,,,,1,,0
katya3843,Katya,2690372,,,US,1510667810,,,,,1,,0
jlouis4916,J.Louis,,,,,1510692252,,,,,1,,0
dennis7767,Dennis,,,,,1510699765,,,,,1,,0
john54407220,John,,,,,1510700758,,,,,1,,0
tracy5349,Tracy,,,,,1510707846,,,,,1,,0
anita3572,Anita,,,,,1461903773,,,,,1,,0
andrluiz5459,André Luiz,,,,,1461904408,,,,,1,,0
shirley64136600,SHIRLEY,,,,,1461910315,,,,,1,,0
milan9553,Milan,2167916,,,,1461912566,,,,,1,,0
soma2020,Soma,,,,,1461913334,,,,,7,,0
jangelo9381,Jangelo,,,,,1461925863,,,,,1,,0
anitha3513,Anitha,,,,,1461928277,,,,,3,,0
jorgen1639,Jorgen,2168262,,,,1461929807,,,,,1,,0
matthew67886881,matthew,2168277,,,,1461930691,,,,,8,,0
pavel5446,Pavel,2168324,,,RU,1461934800,,,,,1,,0
nancy4370,Nancy,,,,,1461937334,,,,,3,,0
nancy57623015,Nancy,,,,,1461940480,,,,,1,,0
anderson6917,Anderson,,,,,1461940609,,,,,2,,0
serena7816,serena,,,,,1510883614,,,,,1,,0
adriano7060,Adriano,,,,,1461941912,,,,,1,,0
deb3760,Deb,,,,,1461947044,,,,,3,,0
hanuman6757,Hanuman,,,,,1461951126,,,,,3,,0
renata4075,Renata,,,,,1461955866,,,,,1,,0
jamie6790,Jamie,,,,,1461957248,,,,,1,,0
charles7160,charles,,,,,1461957476,,,,,2,,0
suryajosephine8130,Surya Josephine,,,,,1461960540,,,,,1,,0
luiz2510,Luiz,2168828,,,,1461969015,,,,,8,,0
ankit9792,Ankit,2168845,,,US,1461971071,,,,,1,,0
patrick8799,Patrick,2169153,,,US,1462043007,,,,,1,Travis and Whitney,0
jonas8854,Jonas,2529579,,,,1462130682,,,,,6,Elisabeth,0
vijay9255,Vijay,2169418,,,,1462151244,,,,,1,,0
joan6862,Joan,,Laguna Beach,CA,US,1254460023,,ESL instructor at a University and mother of 2,,,1,,0
denise4277,Denise,,Los Angeles,CA,US,1254461483,,Fitness Trainer,,,4,,0
periago,Antonio Periago,770725,Murcia,Murcia,ES,1254462290,,,,,36,,0
ira1324,Ira,,Vancouver,British Columbia,CA,1254465815,,,,,2,,0
kathy5928,Kathy,398888,Edgewater,FL,US,1254495992,,Realtor,,,7,,0
kathryn9001,Kathryn,399066,Bloomington,IN,US,1254506250,,Graduate student,,,11,Rena,0
trevor5876,Trevor,399157,Orpington,Kent,GB,1254508235,,,I cant ignore God's call to show his love to mankind.,I design computer systems for the police.,5,,0
chere8573,Chere,399061,Steilacoom,WA,US,1254514233,,counselor,,,24,,1
julieann9503,Julie Ann,,,,,1462163942,,,,,2,,0
vaibhav3779,Vaibhav,,,,,1462169866,,,,,1,,0
fiorella2107,Fiorella,,,,,1462189205,,,,,1,,0
christelle4769,Christelle,,,,,1462193086,,,,,3,Martine,0
judy1313,Judy,,Keswick,VA,US,1254520223,,,,,102,,1
samantha7497,Samantha,459181,Calgary,Alberta,CA,1254527450,,,,,3,,1
john9558,John,399382,Edmond,OK,US,1254573871,,physician,,,2,,0
barbara3272,Barbara,,Sagle,ID,US,1181324983,,,,,12,,0
edward7891,Ed and Evan,,Jacksonville,IL,US,1181351890,,Teacher/Student,"Making a difference, however you can,\r\nis important.","It maybe only a small thing, but it\r\ncan lead to great things.",57,,0
erlend9982,Erlend,399630,Bergen,,NO,1254607805,,Photographer,,,4,Therese,0
ianchow,Ian,837686,Toronto,Ontario,CA,1254612709,www.ianchow.ca,Power Industry,,,35,,0
ann4512,Ann,,St Paul,MN,US,1181408363,,teacher,,,239,,5
fwesley9522,f wesley,,evansville,IN,US,1181413743,,lawyer,,,5,,0
jody8957,Jody,,San Diego,CA,US,1254624411,,"accountant, entrepreneur",,,1,,0
leslie3702,Leslie,,Scottsdale,AZ,US,1181417904,,Respiratory Therapist,,,16,,0
peter4450,Peter,42173,Palmer,Alaska,US,1181429769,,Teacher,,,120,,4
julie5494,Julie,752361,Washington,DC,US,1181477586,,,,,122,,0
steven1787,Steven W.,,Denver,CO,US,1181487909,,,,,290,,1
shoshanna1906,Shoshanna,,,,,1181502647,,Psychologist,,,1,,0
chris55998551,Chris,,,,,1462202966,,,,,4,,0
gabriela4222,Gabriela,,,,,1462204721,,,,,2,,0
debasish8528,Debasish,2169924,,,,1462209500,,,,,1,,0
ilocaleverywhere,iLocalEverywhere,2485250,North Royalton,OH,US,1462211220,ilocaleverywhere.com,Web Design,I would love to help other local businesses succeed in their business goals.,,4,,0
magda7167,Magda,,,,,1462212885,,,,,3,,0
william5227,William,,,,,1462235881,,,,,1,,0
david35026747,David,2170094,,,,1462238294,,,,,6,,0
heikki9587,Geezer,557204,Vaasa,,FI,1254655537,,CIO,I trust women. They will make the world better place.,,19,,0
cathy2488,Cathy,,Dallas,TX,US,1254683701,,,,,9,,1
nancy8590,Nancy,,,,,1254684184,,teacher,,,10,Sarah,0
caroline8380,Caroline,,Pittsburgh,PA,US,1254688821,,Teacher,,,19,dawn,0
susan58467486,Susan,,Sevierville,TN,US,1254705778,,Park Ranger,,,2,,1
antoni2593,Antoni & Mary,112971,Ellenville,NY,US,1181575552,,Lead Software Engineer & Music Teacher,We would like to help those in need.,Antoni develops web based software and Mary teaches music to children,11,,0
lee8428,Lee,2307286,minneapolis,MN,US,1181585463,,Retired,,,17,,0
kevin8184,Kevin,,Chestertown,MD,US,1181591999,,teacher,I have so much and so many are in need.,I am a professor at a small college,138,,1
morley3770,Morley,,New York,NY,US,1181611498,,Retired Entrepreneur,,,6,,0
mattaudreyderol9427,"Matt, Audrey, Derol",,Marshalltown,IA,US,1181618321,,Family,,,90,,0
etain3649,Etain,,Dublin,Dublin,IE,1254740825,,Lecturer,,,9,,0
bill3341,Bill,2245576,Milford,NJ,US,1181660767,,,Anytime my local community can add value to our global community it just seems like the right thing to do.,,17,,3
lolita9274,Lolita,,Waynesville,NC,US,1181678940,,Retired,,,4,,0
wglobke,Wolfgang,,Karlsruhe,,DE,1181683991,,Mathematician,,,558,,1
jack2148,Jack,42807,Pleasant Hill,CA,US,1181696221,community.webshots.com/user/nevadajackphotos,Retired Building Contractor,Others have helped me. Now it's my turn to help those less fortunate than I.,,34,,1
gretchen9156,gretchen,820356,los angeles,CA,US,1181705799,,,,,20,,0
terrill4980,Terrill,,New Market,MD,US,1181749605,,Tree Farmer,,,1,,0
ron6201,Ron,,,,,1462241221,,,,,1,,0
zhong3394,zhong,,,,,1462255839,,,,,1,,0
sam48098184,Sam,,,,,1462256506,,,,,1,Jessica,0
edouard2161,EDOUARD,2170401,,,,1462257689,,,,,1,,0
yogesh3062,Yogesh,2170425,,,,1462259373,,,,,1,,0
silviabiancamaria5564,Silvia Biancamaria,,,,,1462262827,,,,,1,,0
alexandra6267,Alexandra,,,,,1462264133,,,,,4,,0
rex3150,Rex,2170577,,,US,1462267229,,,,,1,,0
vanessa4190,Vanessa,2170591,,,,1462267855,,,,,1,,0
guobi8785,guobi,,,,,1462268142,,,,,1,,0
coln2859,Coln,,,,,1462268768,,,,,1,,0
mark70385855,Mark,,Milford,Ohio,US,1254752289,,,,,4,Delia,0
jeremy2438,Jeremy Gorven,400639,Cape Town,Western Cape,ZA,1254769396,,Student,"Living in a country where millions have grown up under oppression and without privilege or equal opportunity, I as privileged and fortunate South African acknowledge my responsibility and relish the opportunity to contribute meaningfully toward the support of entrepreneurial endeavor which would otherwise not have been possible.","I am a Finance Honours graduate from the University of Cape Town, South Africa. I am seeking an opportunity to use my energies, skills and passion for social upliftment anywhere in the world.",2,,0
harri3699,Harri,,Tampere,Tampere,FI,1254773394,,,,,2,,0
larry89137773,Larry,400589,Pittsburgh,PA,US,1254776316,,Commercial Finance Executive,"I make my living as a Lender to Small & Medium size businesses and I want to ""give back"" in a meaningful way to others who need capital who may not have access to it like we do here in the USA. \r\n\r\nI also want to set an Example for my new Grandson Noah that helping others meet their day to day needs is one of the great lessons of the Bible....Helping Others as you would have them help you..\r\nI praise God for the ability to do just that.\r\nThank You Lord !",Commercial Finance & Equipment Leasing Executive/Entrepreneur,21,,0
shekinah7852,shekinah,400611,Surrey,British Columbia,CA,1254781154,,Nurse Aid,I am a single parent of 2 and I know how hard it can be to get ahead and make a better life for your children. ,I work in a hospital emergency department helping the nurses.,1,,0
thomas9334,Thomas,,Massapequa Park,NY,US,1181756747,,Project Manager,,,25,,0
lindsay9464,Lindsay,,Southborough,MA,US,1181757994,,student,,,2,,0
celia9084,Celia,43048,Tucson,AZ,US,1181776041,www.litterboxmusic.com,music manager,"""when the power of love overcomes the love of power - then we will know peace""",,32,,0
harvestinvestmentc6129,Harvest Investment Club,,Minneapolis,MN,US,1181858982,,Investment Club,,We are a seven person investment club that formed nearly ten years ago. ,52,,0
danny1673,Danny,,Davis,CA,US,1181868493,,professor,,,16,,0
william4581,William N.,808165,Largo,FL,US,1181877152,,Owner Copier Company,It's the right thing to do.,"I own a small copier company, we sell and service most major brands of copy machines and supplies. I have 2 employees besides myself.",67,,0
joshmeredithandnoah,"Josh, Meredith & Noah",43328,Glen Ellyn,IL,US,1181879828,,,Kiva connects people from around the world to help them build better and healthier lives. We want to do our little part!,,38,,0
shana4099,Shana,2393475,Toronto,ON,CA,1181916010,,,its a tangible way of helping people help themselves.,,77,,0
matthew7238,Matthew,,Arlington,VA,US,1181926358,,,,,22,,1
nancy5885,Nancy,,Monterey,CA,US,1181937078,,teacher,,,11,,2
gianpaolo7382,Gianpaolo,,,,,1462269304,,,,,4,,0
ignacio8570,ignacio,,,,,1462274006,,,,,1,,0
thothathiri2672,thothathiri,,,,,1462280187,,,,,1,,0
raghupathi3268,Raghupathi,,,,,1462280554,,,,,1,,0
raghavendra1390,Raghavendra,,,,,1462280723,,,,,1,,0
dayanand1253,Dayanand,,,,,1462281159,,,,,1,,0
florence89195017,Florence,,,,,1462281885,,,,,1,,0
ramesh8378,Ramesh,,,,,1462282156,,,,,5,,0
ganapathy1719,ganapathy,,,,,1462283282,,,,,9,,0
andres8934,Andres,2170808,,,,1462284171,,,,,6,,0
xavier9593,Xavier,,,,,1462287942,,,,,2,,0
marie5303,Marie,,,,,1462290764,,,,,1,,0
lena1818,Lena,558586,Åkersberga,,SE,1254850649,,,,,58,,1
courtney4849,Courtney,,San Diego,CA,US,1254854023,,,,,5,,1
Mar-41,Marc,401142,Tulsa,OK,US,1254863245,,Consultant,,,1,,0
evalyn8166,Evalyn,789307,Parkville,MO,US,1254874185,,,,,41,,2
rishi4533,Rishi,,,,,1182012128,,Entrepreneur,,,1,,0
bianca3188,Bianca,,,,,1588253202,,,,,1,,0
karsti8468,Karsti,,,,,1587687727,,,,,1,,0
vikram1077,Vikram,,,,,1510683963,,,,,1,,0
shaheda7313,Shaheda,,,,,1510704961,,,,,1,,0
melinda3393,Melinda,,,,,1510706731,,,,,2,,0
ernie5106,Ernie,,,,,1510754780,,,,,2,,0
mike3092,Mike,,,,,1510764984,,,,,1,,0
kevin47623176,Kevin,2691481,,,US,1510791509,,,,,2,,0
umashankar6200,Umashankar,,,,,1461907138,,,,,2,,0
sanjay3000,Sanjay,2167957,,,US,1461914211,,,,,2,,0
satishkumar3496,Satish Kumar,,,,,1461914876,,,,,1,,1
margarita2368,Margarita,2168022,,,,1461916316,,,,,1,,0
liane7817,Liane,2168059,,,,1461918006,,,,,4,,0
lin9064,Lin,2168084,,,,1461918779,,,,,1,,0
richardace3428,Richard Ace,2168097,,,,1461919545,,,,,1,,0
abinaya2684,Abinaya,,,,,1461922437,,,,,1,,0
elly5462,Elly,,,,,1510849820,,,,,4,,0
anai2651,Ana I.,,,,,1461924157,,,,,1,,0
jean16099022,jean,2168213,,,,1461925277,,,,,4,,0
slavoljub4412,Slavoljub,,,,,1461926678,,,,,1,,0
bhavani5443,bhavani,,,,,1461926995,,,,,1,Sonam,0
ana52884929,Ana,2168414,,,,1461939686,,,,,1,,0
jibran7477,Jibran,2692476,,,US,1510866833,,,,,2,,0
tanya2559,Tanya,,,,,1510875031,,,,,1,,0
michel5806,Michel,,,,,1510877038,,,,,14,,0
hannah6145,Hannah,,,,,1510877925,,,,,4,,0
helen7882,Helen,,,,,1510888798,,,,,1,,0
jia2351,Jia,,,,,1461940835,,,,,1,,0
glaydson2273,Glaydson,,,,,1461940875,,,,,3,,0
daiana1846,Daiana,,,,,1461941519,,,,,1,,0
leandro34616871,Leandro,,,,,1461942757,,,,,2,,0
deepthi9874,deepthi,,,,,1461944465,,,,,1,,0
eddie5490,Eddie,,,,,1461944559,,,,,2,Don,0
whiteoaks6455,White Oaks,2168502,,,,1461944980,,,,,3,,0
namrata1359,Namrata,,,,,1461948865,,,,,4,,0
ashley46111201,Ashley,,,,,1461950427,,,,,1,Amber,0
genet5629,Genet,,,,,1461960197,,,,,1,,0
thomas60242026,Thomas,,,,,1461964857,,,,,1,,0
immitch9756,I'm  Mitch,2168799,,,,1461965998,,,,,1,Kim,0
amanda18435949,Amanda,2169167,,,US,1462047187,,,,,14,,0
susanne75719617,Susanne,2169229,,,,1462079803,,,,,21,,0
matthew79225632,Matthew,2169233,,,,1462083690,,,,,3,Luke,0
richard75253052,Richard,2169270,,,,1462102894,,,,,126,,0
jan92378185,Jan,,,,,1462120674,,,,,1,,0
nelida3270,Nelida,,,,,1462126734,,,,,2,,0
marcos1441,Marcos,2169412,,,,1462149947,,,,,2,,0
vaeno,Väinö,,Helsinki,,FI,1254475889,,,why not?,,40,,1
tommi3029,Tommi,,Espoo,,FI,1254479614,,,,,7,,0
kumiorava,,2832425,,,,1254486869,,,,,60,,0
jeannette2802,Jeannette,,,,,1254489793,,Retired,,,5,Alice,0
mark93746920,Mark,446804,Birmingham,AL,US,1254490651,,Sock Monkey,"God has blessed me with good health and a loving family, and I wish to pay it forward to others in need to improve their lives.",,16,,0
rosalie4971,rosalie,,greenfield center,NY,US,1254498090,,,,,6,,0
jerrilee3850,Jerrilee,398972,Beaverton,OR,US,1254503386,,Retired Registered Nurse,,,1,,0
amanda1177,Amanda,399039,Laguna Niguel,CA,US,1254510481,www.new.facebook.com/profile.php?v=feed&id=1485745640,Parent,I want to help people achieve their goals.,,240,,1
naomi9016,Naomi,,SEATTLE,WA,US,1254513257,,,,,18,,0
ryan4655,Ryan,,Harrisburg,PENNSYLVANIA,US,1254517196,,Banker / Lawyer,Current banking infrastructure is insufficient.,Consumer Finance Compliance,375,,4
hiroyuki6439,Hiroyuki,,,,,1462170568,,,,,5,,0
shilpa5449,Shilpa,,,,,1462173072,,,,,3,,0
iva2036,Iva,,,,,1462176327,,,,,3,,0
marcus9681,Marcus,2169613,,,,1462176882,,,,,1,,0
atsunobu8203,Atsunobu,,,,,1462177750,,,,,1,,0
amy91466548,Amy,2169760,,,,1462192147,,,,,1,,0
kelly9495,Kelly,,,,,1462194973,,,,,1,,0
scott1252,Scott,,,,,1462197546,,,,,3,,0
fabio3156,fabio,,,,,1462199615,,,,,1,,0
bethany8024,Bethany,399294,Whitby,Ontario,CA,1254547536,,Patent Clerk,,,26,,0
juhani3268,Juhani,1119420,Helsinki,Uusimaa,FI,1254553759,,,,,9,,0
sabrina2517,sabrina,41950,,,,1181329932,www.inspire.me.com,executive producer,I was given this as a gift because my friends know I really care about humanity. I am doing my best to help people and promote the greater good.,I develop educational products for all ages. My real passion is responsible consumerism. I am creating workshops to teach people how to use their dollars wisely to help people around the world and to reduce their eco-footprint!,6,,0
ryan1492,ryan,,,,,1254595143,,,,,1,Michael,0
joanne2299,Joanne,94488,Hamilton,NY,US,1181349421,,Retired,I want to make a contribution to someone else's success and happiness.,"For many years, I was a teacher of English as a Second Language in a community college.",53,,6
glenn2195,Glenn,401734,Freeport,NY,US,1254600033,,Library Clerk / Line Cook,I was inspired by President Obama's call to service and charity.  It is gratifying to make these loans knowing that they can make such a big impact on someone's life.,,27,,0
becca5357,Becca,,Boulder,CA,US,1181370921,,,,,12,,2
eM4544,Mary,,Rocky Hill,CT,US,1181393524,,,"It allows me to connect to the world at large: to look beyond my town, state, country limits.",,149,,0
helenandken1543,Helen and Ken,,San Francisco,CA,US,1254622402,,,,,3,,0
andrew5412,ANDREW,,VERO BEACH,FL,US,1181414587,,Retired Finance Officer,,,56,,0
aarontitus,Aaron,1364492,Nutley,NJ,US,1181420992,www.aarontitus.net/pics,Attorney,"My world, no matter how big or small, will be better because I am here.","Attorney & CPO, Privacy Dir at Liberty Coalition, GW Law and U of Utah grad, Husband & Father of 6 kids. Mormon Helping Hands NJ Coordinator.",150,,0
jsk2564,Jawwad Sultan Khan,,Saratoga,CA,US,1181424479,,Computer Scientist,,,25,,2
katie1330,Katie,,Los Gatos,CA,US,1181460802,,,,,1,,0
kathleen4860,Kathleen,,,Idaho,US,1181482292,,retired physician,,,33,,1
joost8879,joost,42240,Palma de mallorca,Islas Baleares,,1181484375,,sailor,,,3,,0
mikeandeleanor4230,Mike & Eleanor,,dunlap,TN,US,1181486200,,retired,,,10,,0
robert8222,Robert,,Albany,NY,US,1181500985,,Economist,"In my life, there were times when I needed help and it wasn't there and there were times when I needed help and it was there.  Having someone offer a helping hand is much better than trying to face the world alone, ill-prepared and unequipped.  I hope by this small gesture, my help can ripple through many lives. ",I work to ensure that foster children in New York State receive necessary medical services to which they are entitled.,16,,0
paul5352,Paul,,LITTLETON,MA,US,1181507837,,electronics,,,33,,2
wendy35413894,Wendy,,Auburn,AL,US,1181518194,,,,,3,,0
pamela4689,Pamela,1304736,Fort Worth,TX,US,1181525857,http://www.natural-living-for-women.com,website owner,I like to see others succeed and improve the quality of their lives.,Through my website Natural Living for Women I explore ways to live more naturally from our skin care  to our home.  I focus on knowing how to make safer more natural choices for ourselves and families but also caring about who and what is affected when our products are made.,17,,0
carol6511,carol,,Scottsdale,AZ,US,1181526375,,Nursing,it is a way to make a difference.  ,,67,,1
magdalena1283,Magdalena,,,,,1462202553,,,,,1,,0
michael17353737,MICHAEL,,,,,1462215349,,,,,1,,0
lisa43711085,Lisa,,,,,1462219434,,,,,1,,0
ilse8173,Ilse,2321544,,,,1462236014,,,,,3,,0
cynthia7834,Cynthia,,,,,1462239994,,,,,1,,0
elizabeth6567,Elizabeth,,Stockholm,,SE,1254653078,,,,,6,,0
kate2157,Kate,780653,Atlanta,GA,US,1254668754,,,,,12,Ron,0
pamela5506,Pam,42466,Wycombe,PA,US,1181532348,,psychologist,I have been lucky enough to be a citizen of a prosperous and free country.  I am privileged to be able to share that prosperity with others.,I am a psychologist who works with people who have been abused to help them heal from their painful memories.,44,,0
chris8577,Chris,,Minneapolis,MN,US,1181537346,,Business owner,,,5,,0
ronald6182,Ronald,2231054,Pasadena,CA,US,1181541766,,Architect,Hard working people can use an assist ,I provide design services to individuals,67,,6
jamie14524438,Jamie,,Portland,OR,US,1254703305,,,,,7,,0
janice1103,Janice,400130,Conover,WI,US,1254706934,shuttleworksstudio.blogspot.com,Weaver,I am thankful for blessings and wish to pay it forward.  ,"I am a handweaver, spinner, and make handcrafted wool socks.",197,,2
emily32256249,Emily,553464,Bellingham,WA,US,1254711681,,environmental non-profit,,,2,,1
lindsey3577,Lindsey,42504,Puno,MA,PE,1181577411,,College student,,,1,,0
darcy8256,Darcy,,houston,TX,US,1254715892,,hairdresser,,,4,,0
lynn5368,Lynn,,Gainesville,FL,US,1181598080,,professor,,,45,,1
kristiina7734,Kristiina,,Kotka,Finland,FI,1254729290,,psychiatrist,,,23,,0
bob9080,Bob,1401816,Fayetteville,NC,US,1181609627,,Professor of Criminal Justice,"We are all part of this world, and I enjoy playing a small part in it.","I was a police officer for 30 years, and have my PhD in Human Services.  Currently a professor of Criminal Justice. ",77,,0
david4220,david,151126,brussels,,BE,1181652017,,cameraman,,,6,,0
michelle9544,Michelle,,Atlantic Beach,FL,US,1181654411,,physician,,,9,,1
michael30416681,Michael,,Okemos,MI,US,1181699357,,,,,4,,0
kavya4074,kavya,,,,,1462241813,,,,,1,,0
jeff6954,Jeff,,,,,1462248281,,,,,1,,0
nattawut5577,Nattawut,,,,,1462249135,,,,,1,,0
stephanie35519196,Stephanie,,,,,1462259918,,,,,2,,0
rajesh8594,rajesh,,,,,1462263238,,,,,3,,0
vittorio6157,vittorio,,,,,1462265712,,,,,3,Simone,0
massimosantino6536,Massimo Santino,,,,,1462266376,,,,,1,,0
didi9216,Didi,,,,,1254753885,,,,,5,Julie,0
neil8003,Neil,400420,Langley,British Columbia,CA,1254754738,,Business speaker writer trainer,,,20,,1
timothy2808,Timothy,400446,McKinney,TX,US,1254757233,www.synergyinternetsolutions.com,Internet Consultant,None of us know when we may become in need of assistance. I would hope Kiva would be there if ever I needed a little help.,,29,,0
louisem,Louise,1314919,Aarhus,,DK,1254766802,,Architect,there is no reason not to!,,10,,2
carl5078,Carl,,San Francisco,CA,US,1254779658,,,,,6,,0
cindy9064,Cindy,400680,Fairfax,CA,US,1254788629,,Finance,"I want to help women around the world achieve their dreams. Helping women who care about their children, their culture, their enviroment creates a better world for all human beings","I am a mother first, I believe that is my dharma for this life...Now my children are grown, so I would like to help others around the world. For work I do accounting and enjoy helping people learn the importance of handling their money wisely.",59,,0
bran4329,Bran,,andover,MA,US,1254789408,,student,,,2,,0
chiaratara,Tara,57246,Bloomington,Indiana,US,1181770131,,Graduate Student,It is an interesting way to make contact with and help those in communities far away make a difference in their communities.  ,I am a student of law an justice studies and am interested in studying and understanding why inequalities exist in law and politics in the United States and across the world.  ,8,,0
vivian6772,Vivian,,Austin,TX,US,1254797876,,,,,15,,0
kyle7037,Kyle,,Seattle,WA,US,1181772392,,Rockstar,wwjd,,17,,0
herbandmolly1964,Herb & Molly,,San Diego,CA,US,1181775395,,Aidan Lily\\'s Papa & Grandmama,,,66,,3
kelly2095,Kelly,1286157,Issaquah,WA,US,1254799412,,Event Planner,,,79,,2
scott88514330,Scott,400765,Rockford,IL,US,1254801400,,College Administrator,,,6,,0
tige4934,Tige,43291,Auburn,AL,US,1181856524,www.myspace.com/TigeRodgers,Radio Host,,,15,,0
5-Mar,Marc,43317,Chester,VA,US,1181872940,,Integration Analyst,"I want to have a direct impact on people to improve their situation and help them contribute to their community and society. I hope all our contributions will cause a catalysis make the world a better place for all, even those who have no voice.",I help the military share and distribute information between soldiers who are in the field adapting to situations and those who are getting ready to go to the field who can learn from those changes.,9,,1
abby8940,abby and jared,43401,Nashville,TN,US,1181911337,,teacher/counselor,God has blessed me and my family in so many ways that we do not deserve. I have a passion for Spanish-speaking countries and hope that the loans we provide help the people in those beautiful cultures to thrive in their work.,,86,,3
sameer3097,sameer,664363,Austin,TX,US,1181943081,,Headhunting,...a small amount in one's world can have a huge impact in someone else's world.,"When financial firms are looking for qualified people to hire, I find those people for them.",39,,1
sam83054604,Sam,,,,,1462270742,,,,,1,,0
ct2450,CT,,,,,1462271282,,,,,1,Toshi,0
martijn6321,Martijn,2170667,,,NL,1462274838,,,,,1,Eline,0
brenda1572,Brenda,,,,,1462279168,,,,,1,,0
lakshminarayan2542,Lakshmi Narayan,2170727,,,,1462280662,,,,,2,,0
rublto8963,R,,,,,1462281996,,,,,2,,0
mahalakshmi5518,Mahalakshmi,,,,,1462282254,,,,,1,,0
luiscarlos3332,Luis Carlos,,,,,1462284716,,,,,1,,0
preethi3896,Preethi,,,,,1462285816,,,,,1,,0
christelle3802,Christelle,,,,,1462286768,,,,,5,,0
eduardo5713,Eduardo,,,,,1462288019,,,,,2,,0
arunachalam5222,Arunachalam,,,,,1462288314,,,,,2,,0
malcolm2440,Malcolm,,,,,1254834936,,Retired civil servant,,,17,Scott,0
danaandbarry4875,Dana and Barry,401082,Middleville,MI,US,1254851224,,,,,4,Pat,0
angel1310,Angel,401136,Thousand Oaks,CA,US,1254861343,,Renaissance man,,,8,,0
christine9439,Christine,816017,Burlington,Ontario,CA,1254867253,,Self Employed,,,15,,0
todd9257,Todd,,,,,1254880185,,,,,1,Bail,0
alejandra8116,Alejandra,,,,,1587312645,,,,,1,,0
nick81867179,Nick,,,,,1587313563,,,,,1,,0
jodi3291,Jodi,,,,,1587394512,,,,,1,,0
david43874097,David,,,,,1510682329,,,,,1,,0
mihaela4071,Mihaela,,,,,1510705758,,,,,4,RAH Carrol,0
yitzchok4931,Yitzchok,,,,,1510708756,,,,,1,,0
manuela7999,Manuela,2691114,,,GB,1510744573,,,,,1,,0
david41027623,David,,,,,1510765752,,,,,1,,0
mandy4415,Mandy,2691471,,,US,1510789225,,,,,4,,1
rashmi5956,Rashmi,,,,,1461911027,,,,,1,,0
somprabha9404,somprabha,,,,,1461913838,,,,,1,,0
leica6313,Leica,,,,,1461921736,,,,,1,,0
holly3239,Holly,2692401,,,US,1510855694,,,,,2,,0
grace3965,Grace,,,,,1461927772,,,,,2,,0
roberto9422,Roberto,,,,,1461928737,,,,,3,,0
reynaldo4786,Reynaldo,,,,,1461933022,,,,,3,,0
diogo2688,Diogo,,,,,1461933346,,,,,5,,0
helen12743091,Helen,2168327,,,,1461934914,,,,,1,Kimbie,0
douglas6658,Douglas,,,,,1461936327,,,,,1,,0
larry4317,Larry,,,,,1461936527,,,,,2,,0
jellica7966,Jellica,,,,,1461937502,,,,,1,,0
irene5588,Irene,2168404,,,,1461939106,,,,,16,Sid,0
jesus5317,Jesus,,,,,1510876167,,,,,1,,0
diego4252,Diego,,,,,1461940781,,,,,3,,0
melania3811,Melania,,,,,1461941448,,,,,3,,0
lorien2012,Lorien,,,,,1461945039,,,,,2,,0
jean5261,Jean,,,,,1461946010,,,,,1,,0
everton2759,Everton,,,,,1461946170,,,,,2,,0
damiana6305,Damiana,,,,,1461950902,,,,,2,,0
steve48758252,Steve,2336662,,,,1461952773,,,The world is a better place when we help people to help themselves,,34,,1
antonio7467,Antonio,,,,,1461953632,,,,,3,,0
goutham1125,Goutham,2168688,,,US,1461958628,,,,,2,,0
warren8863,Warren,2168725,,,,1461961352,,,,,5,,0
cynthia2535,Cynthia,,,,,1461963611,,,,,2,,0
domenico7047,Domenico,2168781,,,,1461964653,,,,,1,,0
mani4072,Mani,2168804,,,US,1461966356,,,,,1,,0
jesse2025,Jesse,2168814,,,US,1461967640,,,,,1,,0
shen9589,SHEN,2168887,,,,1461978357,,,,,1,,0
silviaregina2012,Silvia Regina,2168892,,,,1461980860,,,,,3,,0
nancy20198369,Nancy,2180045,,,,1461984711,,,,,6,,0
mariegiselle6587,Marie Giselle,,,,,1461999179,,,,,3,,0
takahiro7163,Takahiro,,,,,1462055709,,,,,1,,0
lauren1950,Lauren,2169204,,,US,1462064378,,,,,1,,0
rowan1298,Rowan,,,,,1462066327,,,,,1,,0
fritzyuri7096,Fritz Yuri,,,,,1462122871,,,,,2,,0
harry2792,Harry,2169433,,,US,1462155224,,,,,23,Linda,0
frances4054,frances,,valencia,CA,US,1254475369,,,,,6,,0
jyri8367,Jyri,398759,Helsinki,Finland,FI,1254476592,,Researcher,,,5,,0
matti2650,Matti,,Espoo,,FI,1254481012,,,,,130,,0
orjan7506,Ørjan,1230153,Raelingen,Akershus,NO,1254482334,,,,,30,,2
marnie7802,Marnie,,Poway,CA,US,1254492659,,,,,19,,0
vilmalotta4635,Vilma-Lotta,,Tampere,,FI,1254499877,,,,,13,,0
gloria3044,Gloria,,Seattle,WA,US,1254519052,,Nurse,,,67,,0
swathi4546,swathi,,,,,1462165988,,,,,1,,0
christianpaul7942,Christian Paul,,,,,1462174477,,,,,2,,0
sabrina1389,Sabrina,,,,,1462177154,,,,,1,,0
alexandra7944,Alexandra,,,,,1462182141,,,,,1,,0
prema1513,Prema,2169696,,,US,1462182823,,,,,1,,0
virginio7304,Virginio,,,,,1462188345,,,,,3,,0
lucia2054,lucia,,,,,1462191493,,,,,1,,0
alana8999,Alana,,,,,1462192846,,,,,1,,0
shiba5104,SHiba,,,,,1462195335,,,,,1,,0
judy4539,Judy,716093,Canyon Lake,TX,US,1254541579,,,,,54,John and Brenda,6
timothy4231,Timothy,641170,,,,1254541939,,,,,8,Steph,0
tim6735,Tim,1515272,Carine,WA,AU,1254560613,,Social Worker,I can choose directly who I am helping,Helping people resolve conflict and difficulties in their workplace.,18,,0
jim5260,Jim,,Southampton,Hampshire,GB,1254566014,,Teacher,,,48,,3
cf5892,CF,,Uppsala,Uppsala,SE,1254569101,,Engineer,Why not?,Medical device electronics.,3,,0
markku4889,Markku,399415,VANTAA,,FI,1254574800,,engineer,,,5,,0
toyoki6372,Toyoki,401561,\x1a\x1a\x1a,\x1a\x1a\x1a - Tokyo,JP,1254579273,,designer,,,29,,0
kathie1458,kathie,,,,,1254581537,,teacher,,,4,Laura,0
brenda9211,brenda,,Bowmanville,Ontario,CA,1181321859,,,,,6,,0
miraandolivia9488,mira and olivia,,southlake,TX,US,1254589443,,Students,,,1,george and lynda,0
tyler1939,Tyler,1772562,Porter Ranch,CA,US,1254598487,,Student,It’s important to open your eyes and heart to those who are trying to improve their lives. A little goes a long way.,"I’m 14 years old, my mom got me started on Kiva 10 years ago and I enjoy setting $s from my chores etc to lend to people who are less fortunate but trying to improve their lives.",6,,0
david76689135,David,525372,Derby,Derbyshire,GB,1181387218,,Engineer,I can help someone!,,23,,0
becky8383,Becky,399618,Nevada City,CA,US,1254606074,,dentist,,,62,,0
amin4634,Amin,,Santa Monica,CA,US,1181404763,,,,,125,,0
linda2780,Linda,,Round Rock,TX,US,1181410339,,IT Manager,,,2,,0
george4401,George,44564,Laveen,AZ,US,1181415870,www.myspace.com/mind_of_george,,"I loan because I was blessed with the opportunity to do so. I was blessed with the ability to live a life free from hunger and oppressive poverty. If with this small amount I help someone liberate themselves from the shackles of poverty, the loan will pay back much more than just money. ",,44,,0
cheryl8429,Cheryl,42146,St Thomas,VI,VI,1181418603,,Retired,,,76,,1
jerryandcarol6517,Jerry & Carol,,Commerce,TX,US,1181419944,,retired professor/retired librarian,,,1,,0
scott3936,scott,,SAN DIEGO,CA,US,1181433274,jamesscottfleming.com,architect,"It is a small thing that I can do to help others in need. This world can be a better place for everyone,if everyone would lend a hand to some one else.","I am an Architect in San Diego, California",60,,0
jacqueline5178,Jacqueline,,Auckland,,NZ,1181440588,,PhD student,"Since the concept of micro-loans first started being discussed widely I've thought what a fantastic idea they were, especially for women in developing countries who might not always have access to financial help for whatever reason. Now I can participate in lending which is great!  I know the money goes straight to the person I have chosen without any strings attached other than fair interest.  I am able to see how it's being used and know that it has helped a person realise their dream when it comes back to me - and then I can loan it out again - I like that bit the best :)","I'm finishing up my PhD in Archaeology, working on the prehistoric diet of Aitutaki in the Cook Islands. ",19,,0
mattgk,Matthew,2762133,Waukesha,WI,US,1181491768,www.kleczewski.info,Senior IT Leader,"I have never had the ability or funding to start my own business, but feel that being able to help an entrepreneur realize his or her dream can make a real difference.",,15,,2
